feature,theta,mean,std
intercept,-1.6181596627059829,,
age_years,1.2577108528042735,5.42987012987013,2.2987046004818903
vehicle_class_Kleinwagen,-0.3035240494371254,0.21428571428571427,0.41032590332414487
vehicle_class_Mittelklasse,0.26754891180793716,0.16623376623376623,0.37229034529182164
vehicle_class_Obere Mittelklasse,-0.009816701019580397,0.1038961038961039,0.30512571751872025
vehicle_class_Untere Mittelklasse,0.041242704690693945,0.38701298701298703,0.4870666637086474
vehicle_class_Vans/Transporter,0.003847579869937562,0.045454545454545456,0.20829889522526548
origin_group_Ford_Europe,1.041272237020083,0.09350649350649351,0.2911409094899128
origin_group_Japanese,0.7777282087944241,0.11818181818181818,0.32282328917390374
origin_group_Korean,0.6058886861681294,0.07662337662337662,0.265992922421272
origin_group_MB_Group,0.3886657549787195,0.10779220779220779,0.3101177965410713
origin_group_Other,0.09616117658225426,0.025974025974025976,0.15905777550540118
origin_group_Renault_Dacia_Nissan,1.0490732205079052,0.1,0.30000000000000004
origin_group_Stellantis,1.1048189350838011,0.13116883116883116,0.33758490620677023
origin_group_VAG,0.06658561631439704,0.2701298701298701,0.44402671472951893
