variable,value,train_count,test_count,train_share,test_share
is_high_risk,0,560,140,0.7272727272727273,0.7291666666666666
is_high_risk,1,210,52,0.2727272727272727,0.2708333333333333
age_years,2,104,22,0.13506493506493505,0.11458333333333333
age_years,3,103,21,0.13376623376623376,0.109375
age_years,4,90,26,0.11688311688311688,0.13541666666666666
age_years,5,91,27,0.11818181818181818,0.140625
age_years,6,99,29,0.12857142857142856,0.15104166666666666
age_years,7,95,27,0.12337662337662338,0.140625
age_years,8,102,16,0.13246753246753246,0.08333333333333333
age_years,9,86,24,0.11168831168831168,0.125
vehicle_class,Kleinstwagen,64,13,0.08311688311688312,0.06770833333333333
vehicle_class,Kleinwagen,165,48,0.21428571428571427,0.25
vehicle_class,Mittelklasse,128,31,0.16623376623376623,0.16145833333333334
vehicle_class,Obere Mittelklasse,80,20,0.1038961038961039,0.10416666666666667
vehicle_class,Untere Mittelklasse,298,76,0.38701298701298703,0.3958333333333333
vehicle_class,Vans/Transporter,35,4,0.045454545454545456,0.020833333333333332
origin_group,BMW_Group,59,21,0.07662337662337662,0.109375
origin_group,Ford_Europe,72,10,0.09350649350649351,0.052083333333333336
origin_group,Japanese,91,19,0.11818181818181818,0.09895833333333333
origin_group,Korean,59,8,0.07662337662337662,0.041666666666666664
origin_group,MB_Group,83,23,0.10779220779220779,0.11979166666666667
origin_group,Other,20,1,0.025974025974025976,0.005208333333333333
origin_group,Renault_Dacia_Nissan,77,15,0.1,0.078125
origin_group,Stellantis,101,28,0.13116883116883116,0.14583333333333334
origin_group,VAG,208,67,0.2701298701298701,0.3489583333333333
total,all,770,192,0.8004158004158004,0.1995841995841996
